<?xml version="1.0" encoding="UTF-8"?>
<project-private xmlns="http://www.netbeans.org/ns/project-private/1">
    <editor-bookmarks xmlns="http://www.netbeans.org/ns/editor-bookmarks/2" lastBookmarkId="0"/>
    <open-files xmlns="http://www.netbeans.org/ns/projectui-open-files/2">
        <group>
            <file>file:/C:/xampp1/htdocs/school/trainer/order.php</file>
            <file>file:/C:/xampp1/htdocs/school/trainer/add-message.php</file>
            <file>file:/C:/xampp1/htdocs/school/trainer/manage-message.php</file>
            <file>file:/C:/xampp1/htdocs/school/student/manage-message.php</file>
            <file>file:/C:/xampp1/htdocs/school/student/add-message.php</file>
            <file>file:/C:/xampp1/htdocs/school/trainer/manage-product.php</file>
        </group>
    </open-files>
</project-private>
